__v,_id,author,bookgenre,description,image,is_deleted,price.currency,price.value,title
0,61a912a799c0f813fc733352,null,Bracelets,Beautiful Pear-Cut Created Sapphire Drop Earrings,saphhire_Earrings.jpg,false,null,110,Sapphire earrings
0,61a912f099c0f813fc733353,,Earings,gold plated brass. All materials are hypoallergenic (lead and nickel free),hoop_Earrings.jpg,false,,25,Hoop earrings
0,61a9135599c0f813fc733354,,Bracelets,"The Emilie Gold Link Bracelet in Iridescent Drusy is designed with mini, classic KS shapes linked by a shimmery metallic satellite Chain. Layer for a little extra something in your minimalist stack!",bracelet_1.jpg,false,,78,Gold chain bracelet
0,61a913b799c0f813fc733355,,Bracelets,"Wear your heart on your wrist with the Ari Heart Gold Chain Bracelet in Rose Quartz. This asymmetrical design shines solo, but functions just as well as part of your everyday stack.",bracelet_2.jpg,false,,48,Gold Chain Bracelet In Rose Quartz
0,61a9143b99c0f813fc733356,,Necklaces,"A dainty stone and delicate metallic chain combine to create the Elisa Gold Pendant Necklace in Iridescent Drusy, your new favorite wear-anywhere accessory. This pendant necklace can be paired with any ensemble, giving you extra class and style. Make the Elisa Gold Necklace a staple in your wardrobe and you won’t be disappointed.",necklace_1.jpg,false,,68,Elisa Gold Pendant Necklace In Iridescent Drusy
0,61a9147999c0f813fc733357,,Necklaces,"If you love dainty details, you need the Nola Gold Pendant Necklace in Dichroic Glass. With tiny geometric accents and a small stone pendant, this Gold necklace may be small, but it has all the shine. Style Tip: Layer the Nola Gold Pendant Necklace with necklaces of mixed metals and lengths for a trendy statement.",necklace_2.jpg,false,,50,Nola Gold Pendant Necklace In Dichroic Glass
0,61a914d899c0f813fc733358,,Rings,"You can’t go wrong with the Davie Gold Band Ring in Iridescent Drusy. Our signature icon and trademark etched frame are classic Kendra Scott, unlike any other.",ring_1.jpg,false,,60,Davie Gold Band Ring In Iridescent Drusy
0,61a9152199c0f813fc733359,,Rings,Flori is a conspicuous eternity Emerald ring in 18K Black Gold combines the excellent marquise shaped gemstone with stunning diamond. Handcrafted with elegance and precision making it a perfect anniversary gift.,ring_2.jpg,false,,300,Flori ring Emerald
0,61a9158799c0f813fc73335a,,Bags,"Styled with an all-over MK print, this tote bay by MICHAEL Michael Kors features a multiple storage options and is accented with gold-tone hardware.",bag_1.jpg,false,,150,MICHAEL Michael Kors
0,61a993cbf9c3a72110166f51,,,,,false,,null,